Site,Species,Transect,Subfamily,Tribe,LFT,Photosynthetic Pathway,Replicate,Leaf_Area,Fresh_Thickness (cm),Wet_Thickness (cm),Wet_Mass (g),Dry_Mass (g),SLA (cm2 g-1),LDMC,%C,%N,_N15,_C13,C:N,Vcmax25 (_mol m_2 s_1),"Jmax25 (_mol electrons
m_2 s_1)"
CDCR,Andropogon gerardii,Transect 1,Panicoideae,Andropogoneae,Andropogoneae,C4,1,10.79,0.14,0.13,0.1907,0.0607,177.7594728,0.318300996,45.7126,1.73,-2.47,-12.7,26.42346821,null,null
CDCR,Andropogon gerardii,Transect 3,Panicoideae,Andropogoneae,Andropogoneae,C4,2,14.46,0.12,0.12,0.2676,0.0912,158.5526316,0.340807175,44.0704,1.6786,-4.91,-13.11,26.2542595,null,null
CDCR,Andropogon gerardii,Transect 5,Panicoideae,Andropogoneae,Andropogoneae,C4,3,22.93,0.11,0.11,0.3854,0.1254,182.8548644,0.325376232,43.6087,1.7847,0.97,-12.68,24.43475094,null,null
CDCR,Andropogon gerardii,Transect 6,Panicoideae,Andropogoneae,Andropogoneae,C4,4,10.38,0.11,0.11,0.1614,0.0495,209.6969697,0.30669145,43.259,1.6175,-4.52,-12.63,26.74435858,null,null
CDCR,Andropogon gerardii,Transect 8,Panicoideae,Andropogoneae,Andropogoneae,C4,5,15.11,0.1,0.11,0.2433,0.0792,190.7828283,0.325524044,43.5661,1.4163,-0.83,-12.92,30.76050272,null,null
CDCR,Andropogon gerardii,Transect 11,Panicoideae,Andropogoneae,Andropogoneae,C4,6,15.29,0.14,0.14,0.3142,0.0825,185.3333333,0.26257161,44.0312,1.9266,-3.75,-12.62,22.85435482,null,null
CDCR,Andropogon gerardii,Transect 12,Panicoideae,Andropogoneae,Andropogoneae,C4,7,11.39,0.11,0.12,0.2026,0.0624,182.5320513,0.307996051,43.3685,1.7972,-2.79,-12.93,24.13114845,null,null
CDCR,Andropogon gerardii,Transect 10,Panicoideae,Andropogoneae,Andropogoneae,C4,8,17.72,0.12,0.11,0.2743,0.0665,266.4661654,0.24243529,43.7789,1.812,-1.34,-12.21,24.16054084,null,null
CDCR,Bromus inermis,Transect 1,Pooideae,Bromeae,Pooideae,C3,1,11.71,0.17,0.19,0.2051,0.071,164.9295775,0.346172599,42.9604,1.5746,-1.89,-30.29,27.28337356,null,null
CDCR,Bromus inermis,Transect 5,Pooideae,Bromeae,Pooideae,C3,2,10.2,0.17,0.14,0.1174,0.0352,289.7727273,0.299829642,43.2507,1.2925,0.98,-28.06,33.46282398,null,null
CDCR,Bromus inermis,Transect 8,Pooideae,Bromeae,Pooideae,C3,3,11.58,0.21,0.19,0.2227,0.0644,179.8136646,0.289178267,43.1276,1.8886,-0.94,-29.33,22.83575135,null,null
CDCR,Bromus inermis,Transect 11,Pooideae,Bromeae,Pooideae,C3,4,10.78,0.18,0.19,0.2046,0.0636,169.4968553,0.31085044,42.8846,1.8131,-0.53,-30.7,23.65263913,null,null
CDCR,Bromus inermis,Transect 10,Pooideae,Bromeae,Pooideae,C3,5,12.28,0.16,0.15,0.1791,0.0499,246.0921844,0.278615299,43.5713,1.8054,-1.16,-29.25,24.13387615,null,null
CDCR,Bromus tectorum,Transect 10,Pooideae,Bromeae,Pooideae,C3,1,3.2,0.12,null,null,null,null,null,43.323,3.2092,1.71,-31.83,13.49962608,null,null
CDCR,Dichanthelium oligosanthes,Transect 1,Panicoideae,Paniceae,none,C3,1,6.08,0.23,0.21,0.122,0.0329,184.8024316,0.269672131,44.2904,1.744,-2.74,-27.49,25.39587156,null,null
CDCR,Dichanthelium oligosanthes,Transect 3,Panicoideae,Paniceae,none,C3,2,4.37,0.17,0.18,0.0829,0.0255,171.372549,0.307599517,43.6731,1.6186,-2.4,-26.67,26.9820215,null,null
CDCR,Dichanthelium oligosanthes,Transect 5,Panicoideae,Paniceae,none,C3,3,5.95,0.19,0.17,0.114,0.0319,186.5203762,0.279824561,43.0795,2.0378,-1.52,-27.82,21.14020022,null,null
CDCR,Dichanthelium oligosanthes,Transect 7,Panicoideae,Paniceae,none,C3,4,4.13,0.15,0.15,0.0741,0.0193,213.9896373,0.260458839,43.2155,1.4863,-3,-26.29,29.07589316,null,null
CDCR,Dichanthelium oligosanthes,Transect 8,Panicoideae,Paniceae,none,C3,5,4.49,0.14,0.16,0.0782,0.0231,194.3722944,0.295396419,43.3885,2.1586,-0.46,-26.61,20.10029649,null,null
CDCR,Dichanthelium oligosanthes,Transect 11,Panicoideae,Paniceae,none,C3,6,5.68,0.16,0.16,0.1029,0.0248,229.0322581,0.24101069,42.505,2.0352,-2.38,-26.29,20.88492531,null,null
CDCR,Dichanthelium oligosanthes,Transect 12,Panicoideae,Paniceae,none,C3,7,4.17,0.15,0.15,0.0759,0.0182,229.1208791,0.239789196,44.2551,1.7969,-2,-26.24,24.62858256,null,null
CDCR,Dichanthelium oligosanthes,Transect 9,Panicoideae,Paniceae,none,C3,8,3.48,0.14,0.17,0.0585,0.0208,167.3076923,0.355555556,43.4586,1.7711,-3.65,-27.45,24.53763198,null,null
CDCR,Dichanthelium perlongum,Transect 1,Panicoideae,Paniceae,none,C3,1,3.05,0.12,0.15,0.0619,0.02,152.5,0.323101777,44.0205,1.2272,-3.82,-27.17,35.87068123,null,null
CDCR,Dichanthelium perlongum,Transect 12,Panicoideae,Paniceae,none,C3,2,2.69,0.14,0.15,0.0559,0.015,179.3333333,0.268336315,43.7895,1.2762,-4.05,-27.21,34.31241185,null,null
CDCR,Dichanthelium perlongum,Transect 9,Panicoideae,Paniceae,none,C3,3,3.69,0.16,0.18,0.0801,0.022,167.7272727,0.274656679,43.5974,1.3347,-1.76,-27.25,32.66456882,null,null
CDCR,Dichanthelium praecocius,Transect 3,Panicoideae,Paniceae,none,C3,1,5.39,0.18,0.18,0.0979,0.0333,161.8618619,0.340143003,43.0629,1.6332,-1.35,-27.39,26.36719324,null,null
CDCR,Dichanthelium praecocius,Transect 1,Panicoideae,Paniceae,none,C3,2,5.79,0.17,0.17,0.1007,0.0287,201.7421603,0.285004965,43.765,1.406,-2.39,-26.3,31.12731152,null,null
CDCR,Dichanthelium praecocius,Transect 7,Panicoideae,Paniceae,none,C3,3,4.08,0.15,0.17,0.0675,0.024,170,0.355555556,43.154,1.2841,-3.09,-27.22,33.60641695,null,null
CDCR,Dichanthelium praecocius,Transect 11,Panicoideae,Paniceae,none,C3,4,4.55,0.17,0.16,0.0764,0.0218,208.7155963,0.285340314,44.1603,1.7566,-2.02,-27.31,25.13964477,null,null
CDCR,Dichanthelium praecocius,Transect 12,Panicoideae,Paniceae,none,C3,4,3.35,0.14,0.16,0.0566,0.0151,221.8543046,0.266784452,43.9003,1.6309,-1.1,-26.86,26.91783678,null,null
CDCR,Dichanthelium praecocius,Transect 9,Panicoideae,Paniceae,none,C3,5,4.48,0.16,0.15,0.0782,0.0241,185.8921162,0.308184143,53.1354,1.6806,-3.18,-26.54,31.61692253,null,null
CDCR,Digitaria cognata,Transect 9,Panicoideae,Paniceae,none,C4,1,1.54,0.1,0.12,0.0213,0.0071,216.9014085,0.333333333,43.2179,1.457,-2.32,-12.94,29.6622512,null,null
CDCR,Digitaria cognata,Transect 1,Panicoideae,Paniceae,none,C4,2,2.24,0.12,0.11,0.03,0.009,248.8888889,0.3,42.2381,1.3926,-0.71,-13.11,30.3303892,null,null
CDCR,Elymus repens,Transect 5,Pooideae,Triticeae,Pooideae,C3,1,12.75,0.16,0.16,0.2365,0.0627,203.3492823,0.265116279,44.3522,2.0827,-2.71,-28.34,21.29552984,null,null
CDCR,Elymus repens,Transect 3,Pooideae,Triticeae,Pooideae,C3,2,5.42,0.14,0.12,0.0709,0.0189,286.7724868,0.266572638,42.6359,1.4962,-0.79,-30.39,28.49612351,null,null
CDCR,Elymus repens,Transect 6,Pooideae,Triticeae,Pooideae,C3,3,8.54,0.13,0.13,0.1283,0.034,251.1764706,0.265003897,44.5367,1.7211,-1.39,-29.22,25.87688106,null,null
CDCR,Elymus repens,Transect 8,Pooideae,Triticeae,Pooideae,C3,4,5.19,0.15,0.14,0.1056,0.0298,174.1610738,0.28219697,44.1624,2.2252,-2.06,-28.37,19.84648571,null,null
CDCR,Elymus repens,Transect 11,Pooideae,Triticeae,Pooideae,C3,5,9.47,0.15,0.15,0.1506,0.0479,197.7035491,0.318061089,45.6362,1.6857,-0.21,-28.62,27.07255146,null,null
CDCR,Elymus repens,Transect 9,Pooideae,Triticeae,Pooideae,C3,6,6.6,0.11,0.11,0.0817,0.0237,278.4810127,0.290085679,44.5393,1.7786,-2.27,-30,25.04177443,null,null
CDCR,Hesperostipa spartea,Transect 1,Pooideae,Stipeae,Pooideae,C3,1,6.1,0.2,0.22,0.1474,0.0552,110.5072464,0.37449118,43.8795,1.5212,-0.69,-30.31,28.84531948,null,null
CDCR,Hesperostipa spartea,Transect 3,Pooideae,Stipeae,Pooideae,C3,2,7.77,0.2,0.2,0.1513,0.0513,151.4619883,0.339061467,41.472,2.1978,-1.2,-30.4,18.86977887,null,null
CDCR,Hesperostipa spartea,Transect 7,Pooideae,Stipeae,Pooideae,C3,3,3.1,0.17,0.19,0.0598,0.0195,158.974359,0.326086957,43.4235,1.5168,-2.94,-30.21,28.62836234,null,null
CDCR,Hesperostipa spartea,Transect 8,Pooideae,Stipeae,Pooideae,C3,4,3.23,0.21,0.21,0.0884,0.0345,93.62318841,0.390271493,44.3926,1.9265,-2.94,-27.98,23.04313522,null,null
CDCR,Hesperostipa spartea,Transect 12,Pooideae,Stipeae,Pooideae,C3,5,18.34,0.29,0.32,0.4967,0.2231,82.20528911,0.449164486,45.2652,1.7068,-1.58,-28.51,26.52050621,null,null
CDCR,Koeleria macrantha,Transect 12,Pooideae,Poeae,Pooideae,C3,1,3.3,0.19,0.17,0.072,0.0228,144.7368421,0.316666667,43.4643,1.4626,-2.34,-28,29.71714755,null,null
CDCR,Panicum virgatum,Transect 10,Panicoideae,Paniceae,none,C4,1,16.14,0.18,0.18,0.3124,0.1009,159.9603568,0.322983355,43.2674,1.9964,0.45,-12.92,21.67271088,null,null
CDCR,Panicum virgatum,Transect 10,Panicoideae,Paniceae,none,C4,2,22.61,0.18,0.18,0.4268,0.1491,151.6431925,0.349343955,44.1053,1.7888,-0.44,-13.34,24.65636181,null,null
CDCR,Phalaris arundinacea,Transect 1,Pooideae,Poeae,Pooideae,C3,1,40.64,0.18,0.17,0.6621,0.1747,232.6273612,0.263857423,39.384,2.4821,1.9,-31.02,15.86720922,null,null
CDCR,Phleum pratense,Transect 11,Pooideae,Poeae,Pooideae,C3,1,12.11,0.16,0.15,0.1405,0.0394,307.3604061,0.280427046,43.8697,1.4729,-4.35,-29.97,29.78457465,null,null
CDCR,Poa pratensis,Transect 1,Pooideae,Poeae,Pooideae,C3,1,2.07,0.15,0.09,0.0304,0.0111,186.4864865,0.365131579,41.7323,1.093,7.22,-29.45,38.18142726,null,null
CDCR,Poa pratensis,Transect 3,Pooideae,Poeae,Pooideae,C3,2,1.16,0.1,0.11,0.0222,0.0072,161.1111111,0.324324324,42.3251,1.0072,-0.85,-29.81,42.02253773,null,null
CDCR,Poa pratensis,Transect 5,Pooideae,Poeae,Pooideae,C3,3,1.81,0.12,0.13,0.0355,0.0143,126.5734266,0.402816901,43.5053,1.3281,-3.1,-27.43,32.75754838,null,null
CDCR,Poa pratensis,Transect 6,Pooideae,Poeae,Pooideae,C3,4,1.36,0.11,0.12,0.0213,0.008,170,0.375586854,43.1222,1.2011,-3.56,-28.17,35.90225627,null,null
CDCR,Poa pratensis,Transect 8,Pooideae,Poeae,Pooideae,C3,5,4.03,0.12,0.15,0.085,0.0295,136.6101695,0.347058824,49.7791,1.2922,-1.19,-28.61,38.5227519,null,null
CDCR,Poa pratensis,Transect 11,Pooideae,Poeae,Pooideae,C3,6,2.4,0.16,0.17,0.0457,0.0203,118.226601,0.444201313,42.3311,0.945,-4.23,-28.66,44.79481481,null,null
CDCR,Poa pratensis,Transect 9,Pooideae,Poeae,Pooideae,C3,7,1.62,0.15,0.16,0.0294,0.0128,126.5625,0.43537415,43.0718,0.9353,-2.27,-28.7,46.05132043,null,null
CDCR,Schizachyrium scoparium,Transect 1,Panicoideae,Andropogoneae,Andropogoneae,C4,1,6.01,0.13,0.12,0.0876,0.0324,185.4938272,0.369863014,45.0313,1.6186,-1.19,-13.43,27.82114173,null,null
CDCR,Schizachyrium scoparium,Transect 3,Panicoideae,Andropogoneae,Andropogoneae,C4,2,2.13,0.1,0.1,0.0306,0.01,213,0.326797386,43.9172,1.4251,-3.59,-12.46,30.81692513,null,null
CDCR,Schizachyrium scoparium,Transect 5,Panicoideae,Andropogoneae,Andropogoneae,C4,3,2.57,0.08,0.1,0.0369,0.0121,212.3966942,0.327913279,43.9985,1.6267,-1.88,-12.83,27.04770394,null,null
CDCR,Schizachyrium scoparium,Transect 6,Panicoideae,Andropogoneae,Andropogoneae,C4,4,3.18,0.1,0.1,0.0485,0.013,244.6153846,0.268041237,42.6535,1.8648,-2.07,-12.8,22.87296225,null,null
CDCR,Schizachyrium scoparium,Transect 9,Panicoideae,Andropogoneae,Andropogoneae,C4,5,3.69,0.1,0.1,0.0548,0.0167,220.9580838,0.304744526,43.1971,1.5722,-1.95,-13.48,27.47557563,null,null
CDCR,Sorghastrum nutans,Transect 1,Panicoideae,Andropogoneae,Andropogoneae,C4,1,9.8,0.17,0.16,0.1794,0.051,192.1568627,0.284280936,45.0338,1.3184,-5.36,-13.67,34.15791869,null,null
CDCR,Sorghastrum nutans,Transect 8,Panicoideae,Andropogoneae,Andropogoneae,C4,2,12.08,0.11,0.12,0.2597,0.0762,158.5301837,0.293415479,42.036,1.2209,-2.05,-12.72,34.43033828,null,null
CDCR,Sorghastrum nutans,Transect 12,Panicoideae,Andropogoneae,Andropogoneae,C4,3,14.85,0.15,0.16,0.2919,0.0791,187.7370417,0.270983213,42.6325,1.2637,-2.13,-13.43,33.73625069,null,null
CDCR,Sorghastrum nutans,Transect 9,Panicoideae,Andropogoneae,Andropogoneae,C4,4,12.51,0.14,0.14,0.2099,0.0764,163.7434555,0.363982849,43.0488,1.6385,-1.3,-12.82,26.27329875,null,null
CPER,Agropyron cristatum,Transect 1,Pooideae,Triticeae,Pooideae,C3,1,3.69,0.23,0.22,0.0724,0.0171,215.7894737,0.236187845,38.9637,2.705,2.48,-29.52,14.40432532,83.99902317,264.7767928
CPER,Agropyron cristatum,House,Pooideae,Triticeae,Pooideae,C3,2,8.19,0.23,0.2,0.131,0.0374,218.9839572,0.285496183,40.7467,2.1559,-0.9,-30.1,18.90008813,65.11306008,221.5970864
CPER,Agropyron cristatum,Transect 9,Pooideae,Triticeae,Pooideae,C3,3,5.35,0.22,0.26,0.1095,0.032,167.1875,0.292237443,39.3932,2.8997,1.28,-30.52,13.58526744,null,null
CPER,Agropyron cristatum,Transect 4,Pooideae,Triticeae,Pooideae,C3,4,3.42,0.18,0.23,0.0611,0.018,190,0.294599018,41.713,1.8742,0.55,-29.33,22.25642941,61.70208629,207.7755506
CPER,Agropyron cristatum,Transect 10,Pooideae,Triticeae,Pooideae,C3,5,2.5,0.18,0.2,0.0428,0.0124,201.6129032,0.289719626,39.2655,1.8903,4.76,-29.27,20.77209967,null,null
CPER,Agropyron cristatum,Transect 5,Pooideae,Triticeae,Pooideae,C3,6,2.29,0.17,0.25,0.0494,0.0148,154.7297297,0.299595142,40.6294,1.8283,3.35,-28.94,22.22250178,100.9755311,379.7455774
CPER,Aristida purpurea,Transect 1,Aristidoideae,Aristideae,none,C4,1,0.51,0.14,0.15,0.0085,0.0031,164.516129,0.364705882,39.3818,1.7001,-1.7,-14.86,23.16440209,91.828,309.568
CPER,Aristida purpurea,House,Aristidoideae,Aristideae,none,C4,2,0.68,0.16,0.15,0.01,0.0045,151.1111111,0.45,38.0859,1.7148,1.3,-13.69,22.21011197,27.052,233.986
CPER,Aristida purpurea,Transect 9,Aristidoideae,Aristideae,none,C4,3,1.12,0.15,0.19,0.0188,0.0059,189.8305085,0.313829787,39.9502,1.824,0.35,-13.11,21.90252193,null,null
CPER,Aristida purpurea,Transect 10,Aristidoideae,Aristideae,none,C4,4,1.28,0.16,0.16,0.0226,0.0091,140.6593407,0.402654867,39.2562,1.3846,-0.39,-13.52,28.35201502,null,null
CPER,Aristida purpurea,Transect 4,Aristidoideae,Aristideae,none,C4,5,0.76,0.12,0.14,0.0118,0.0042,180.952381,0.355932203,39.5561,1.6956,0.12,-14.56,23.32867422,22.015,197.579
CPER,Aristida purpurea,Transect 8,Aristidoideae,Aristideae,none,C4,6,0.59,0.12,0.16,0.009,0.0032,184.375,0.355555556,40.2675,1.6078,-2.47,-13.61,25.04509267,23.794,203.039
CPER,Bouteloua dactyloides,Transect 1,Chloridoideae,Cynodonteae,Chloridoideae,C4,1,1.01,0.17,0.18,0.0152,0.0054,187.037037,0.355263158,39.38,2.1217,1.56,-15.53,18.56058821,26.832,240.626
CPER,Bouteloua dactyloides,Transect 6,Chloridoideae,Cynodonteae,Chloridoideae,C4,2,0.62,0.17,0.15,0.0095,0.0037,167.5675676,0.389473684,40.0234,1.4522,-1.61,-13.9,27.56052885,55.544,377.98
CPER,Bouteloua dactyloides,House,Chloridoideae,Cynodonteae,Chloridoideae,C4,3,1.33,0.15,0.14,0.0194,0.0094,141.4893617,0.484536082,34.9641,0.892,0.1,-14.3,39.19742152,55.709,220.772
CPER,Bouteloua dactyloides,Transect 9,Chloridoideae,Cynodonteae,Chloridoideae,C4,4,0.75,0.12,0.13,0.0106,0.0041,182.9268293,0.386792453,40.6309,2.1525,-0.43,-14.36,18.87614402,39.594,167.558
CPER,Bouteloua dactyloides,Transect 8,Chloridoideae,Cynodonteae,Chloridoideae,C4,5,0.71,0.12,0.12,0.0096,0.0041,173.1707317,0.427083333,40.28,1.9089,-2.87,-14.28,21.10115773,28.139,163.488
CPER,Bouteloua gracilis,Transect 1,Chloridoideae,Cynodonteae,Chloridoideae,C4,1,1.43,0.19,0.18,0.0245,0.0084,170.2380952,0.342857143,39.3673,2.6773,-0.15,-14.31,14.70410488,38.679,258.804
CPER,Bouteloua gracilis,Transect 6,Chloridoideae,Cynodonteae,Chloridoideae,C4,2,0.98,0.16,0.15,0.0148,0.0058,168.9655172,0.391891892,39.3893,2.3113,-2.85,-14.23,17.04205426,31.738,299.28
CPER,Bouteloua gracilis,House,Chloridoideae,Cynodonteae,Chloridoideae,C4,3,1.75,0.17,0.18,0.0294,0.013,134.6153846,0.442176871,38.8978,1.6547,-0.95,-14.67,23.50746359,23.182,348.951
CPER,Bouteloua gracilis,Transect 9,Chloridoideae,Cynodonteae,Chloridoideae,C4,4,1.04,0.17,0.19,0.0164,0.0058,179.3103448,0.353658537,37.011,2.8253,2.4,-15.22,13.0998478,30.399,277.647
CPER,Bouteloua gracilis,Transect 10,Chloridoideae,Cynodonteae,Chloridoideae,C4,5,2.03,0.17,0.17,0.0323,0.0105,193.3333333,0.325077399,39.1512,2.5661,4.59,-14.28,15.25708273,19.612,229.348
CPER,Bouteloua gracilis,Transect 4,Chloridoideae,Cynodonteae,Chloridoideae,C4,6,1.19,0.15,0.18,0.0199,0.0076,156.5789474,0.381909548,39.1844,2.1804,1.04,-14.57,17.97119795,111.586,464.222
CPER,Bromus inermis,House,Pooideae,Bromeae,Pooideae,C3,1,17.18,0.22,0.22,0.2934,0.0776,221.3917526,0.264485344,39.8349,1.9019,-1.08,-29.36,20.94479205,null,null
CPER,Bromus tectorum,Transect 1,Pooideae,Bromeae,Pooideae,C3,1,2.85,0.18,0.19,0.0458,0.0117,243.5897436,0.255458515,38.7531,1.6906,1.66,-30.45,22.92269017,86.54351921,417.9812091
CPER,Bromus tectorum,Transect 6,Pooideae,Bromeae,Pooideae,C3,2,3.33,0.12,0.17,0.0534,0.0116,287.0689655,0.217228464,44.0383,2.816,3.59,-28.66,15.63860085,45.82061399,100.5407755
CPER,Bromus tectorum,House,Pooideae,Bromeae,Pooideae,C3,3,2.16,0.12,0.13,0.0279,0.0081,266.6666667,0.290322581,39.6711,2.0905,1.49,-29.87,18.97684764,34.6547714,306.4543042
CPER,Bromus tectorum,Transect 9,Pooideae,Bromeae,Pooideae,C3,4,2.81,0.16,0.17,0.0423,0.0097,289.6907216,0.229314421,40.1391,2.8848,4.29,-27.78,13.9139975,67.58750097,220.9255671
CPER,Bromus tectorum,Transect 10,Pooideae,Bromeae,Pooideae,C3,5,2.31,0.12,0.15,0.0314,0.0095,243.1578947,0.302547771,39.2611,1.6665,8.16,-30.38,23.5590159,null,null
CPER,Bromus tectorum,Transect 4,Pooideae,Bromeae,Pooideae,C3,6,2.62,0.12,0.13,0.0242,0.0067,391.0447761,0.276859504,40.9634,2.5484,5.55,-29.19,16.07416418,106.3903774,297.7135669
CPER,Elymus elymoides,Transect 1,Pooideae,Triticeae,Pooideae,C3,1,2.95,0.25,0.21,0.0634,0.0156,189.1025641,0.246056782,39.2914,3.9671,1.64,-28.49,9.904312974,141.2613031,879.6575619
CPER,Elymus elymoides,Transect 6,Pooideae,Triticeae,Pooideae,C3,2,3,0.27,0.18,0.0577,0.014,214.2857143,0.242634315,41.6628,3.7135,3.9,-28.99,11.219281,78.24309817,381.1883291
CPER,Elymus elymoides,House,Pooideae,Triticeae,Pooideae,C3,3,1.97,0.24,0.24,0.0419,0.0117,168.3760684,0.279236277,37.8002,2.3164,-0.85,-28.68,16.31851148,54.68047159,173.7488639
CPER,Elymus elymoides,Transect 9,Pooideae,Triticeae,Pooideae,C3,4,1.75,0.23,0.28,0.0529,0.0157,111.4649682,0.296786389,41.1444,1.9615,5.17,-27.88,20.97598776,61.46442104,317.0861239
CPER,Elymus elymoides,Transect 10,Pooideae,Triticeae,Pooideae,C3,5,3.76,0.21,0.24,0.0973,0.0203,185.2216749,0.208633094,40.2349,3.0238,7,-29.47,13.30607183,126.6518493,458.2563947
CPER,Elymus elymoides,Transect 4,Pooideae,Triticeae,Pooideae,C3,6,1.4,0.18,0.15,0.0211,0.0056,250,0.265402844,40.3136,2.329,0.58,-28.7,17.30940318,97.89883677,254.5490536
CPER,Elymus smithii,Transect 1,Pooideae,Triticeae,Pooideae,C3,1,5.93,0.42,0.34,0.1849,0.0492,120.5284553,0.266089778,40.2786,3.1905,1.28,-27.36,12.62454161,130.5966489,748.3773481
CPER,Elymus smithii,Transect 6,Pooideae,Triticeae,Pooideae,C3,2,8.86,0.34,0.35,0.2317,0.0751,117.976032,0.324126025,40.9703,2.5695,2.54,-28.58,15.94485308,111.143691,467.3646289
CPER,Elymus smithii,House,Pooideae,Triticeae,Pooideae,C3,3,4.64,0.37,0.36,0.1633,0.0532,87.21804511,0.325780772,40.4266,2.4697,1.45,-28.68,16.36903268,132.2482,465.59375
CPER,Elymus smithii,Transect 9,Pooideae,Triticeae,Pooideae,C3,4,3.82,0.26,0.26,0.0948,0.0248,154.0322581,0.261603376,40.9017,2.7428,4.29,-30.24,14.9123888,91.47917839,263.7041178
CPER,Elymus smithii,Transect 10,Pooideae,Triticeae,Pooideae,C3,5,3.78,0.29,0.3,0.0891,0.0225,168,0.252525253,39.6175,2.6409,5.29,-27.9,15.00151464,78.16710789,214.1454496
CPER,Elymus smithii,Transect 4,Pooideae,Triticeae,Pooideae,C3,6,5.41,0.32,0.34,0.1488,0.0397,136.2720403,0.266801075,40.2616,2.8482,11.62,-27.88,14.13580507,67.67947488,319.5411359
CPER,Hesperostipa comata,Transect 1,Pooideae,Stipeae,Pooideae,C3,1,4.12,0.27,0.27,0.0924,0.0309,133.3333333,0.334415584,38.785,3.5391,-1.76,-27.65,10.95900088,143.4090804,514.1862579
CPER,Hesperostipa comata,Transect 6,Pooideae,Stipeae,Pooideae,C3,2,2.48,0.23,0.24,0.0519,0.0185,134.0540541,0.356454721,39.7494,2.933,1.59,-27.96,13.55247187,81.73924702,188.1971675
CPER,Hesperostipa comata,House,Pooideae,Stipeae,Pooideae,C3,3,3.68,0.25,0.27,0.0796,0.0267,137.8277154,0.335427136,39.7503,2.2376,0.25,-27.48,17.76470325,34.18480065,214.5865563
CPER,Hesperostipa comata,Transect 9,Pooideae,Stipeae,Pooideae,C3,4,4.76,0.23,0.29,0.0972,0.0324,146.9135802,0.333333333,38.7814,2.6125,4.41,-27.62,14.84455502,131.2951985,838.1343144
CPER,Hesperostipa comata,Transect 10,Pooideae,Stipeae,Pooideae,C3,5,3.75,0.26,0.32,0.0777,0.0227,165.1982379,0.292149292,39.8711,3.0276,3.44,-27.41,13.16920994,86.95124499,269.6109188
CPER,Hesperostipa comata,Transect 4,Pooideae,Stipeae,Pooideae,C3,6,2.98,0.22,0.21,0.0543,0.0176,169.3181818,0.32412523,39.8996,3.0854,2.39,-27.97,12.93174305,null,null
CPER,Oryzopsis hymenoides,Transect 1,Pooideae,Stipeae,Pooideae,C3,1,8.9,0.32,0.34,0.2429,0.0636,139.9371069,0.261836147,38.9214,2.6693,2.49,-28.44,14.58112614,90.6567173,276.7037104
CPER,Oryzopsis hymenoides,House,Pooideae,Stipeae,Pooideae,C3,2,7.19,0.36,0.37,0.1688,0.0495,145.2525253,0.293246445,40.7285,3.108,3.08,-28.31,13.10440798,66.80256633,167.6412963
CPER,Oryzopsis hymenoides,Transect 9,Pooideae,Stipeae,Pooideae,C3,3,6.61,0.35,0.33,0.1577,0.0455,145.2747253,0.288522511,39.9063,2.4807,1.69,-28.12,16.0867094,null,null
CPER,Oryzopsis hymenoides,Transect 10,Pooideae,Stipeae,Pooideae,C3,4,2.35,0.26,0.27,0.0488,0.0151,155.6291391,0.30942623,37.6785,1.8421,6.37,-27.93,20.4541013,null,null
CPER,Oryzopsis hymenoides,Transect 4,Pooideae,Stipeae,Pooideae,C3,5,5.41,0.28,0.31,0.1459,0.0406,133.2512315,0.27827279,38.6489,1.8471,3.42,-27.98,20.92409723,null,null
CPER,Oryzopsis hymenoides,Transect 5,Pooideae,Stipeae,Pooideae,C3,6,3.6,N/A,0.24,0.0816,0.0266,135.3383459,0.325980392,38.4196,2.2634,5.1,-28.2,16.97428647,null,null
CPER,Panicum virgatum,No transect,Panicoideae,Paniceae,none,C4,1,14.35,0.19,0.22,0.2281,0.0789,181.8757921,0.345900921,37.6629,1.4519,0.76,-13.01,25.94042289,null,null
CPER,Vulpia octoflora,Transect 1,Pooideae,Poeae,Pooideae,C3,1,0.32,0.11,0.16,0.0043,0.00104,307.6923077,0.241860465,37.2014,2.1885,1.76,-29.72,16.9985835,40.6866084,125.7222064
CPER,Vulpia octoflora,Transect 6,Pooideae,Poeae,Pooideae,C3,2,0.11,0.15,0.16,0.0016,0.00049,224.4897959,0.30625,37.3499,2.2113,0,-30.58,16.89047167,53.97987663,153.390252
CPER,Vulpia octoflora,House,Pooideae,Poeae,Pooideae,C3,3,0.32,0.17,0.18,0.0046,0.00108,296.2962963,0.234782609,40.4613,2.6158,4.05,-30.61,15.46804037,38.67129419,98.88025308
CPER,Vulpia octoflora,Transect 9,Pooideae,Poeae,Pooideae,C3,4,0.42,0.14,0.13,0.0044,0.00127,330.7086614,0.288636364,37.9108,2.077,3.55,-30.15,18.25267212,26.40231514,298.7283829
CPER,Vulpia octoflora,Transect 10,Pooideae,Poeae,Pooideae,C3,5,0.26,0.08,0.12,0.0027,0.00063,412.6984127,0.233333333,38.8012,1.703,5.54,-30.16,22.78402819,57.77364603,172.3279727
CPER,Vulpia octoflora,Transect 4,Pooideae,Poeae,Pooideae,C3,6,0.13,0.1,0.13,0.0014,0.0004,325,0.285714286,35.6071,1.5217,4.96,-30.19,23.39955313,12.7441932,147.2346602
JORN,Aristida purpurea,Transect 1,Aristidoideae,Aristideae,none,C4,1,0.94,0.1,0.11,0.0119,0.0039,241.025641,0.327731092,44.4337,2.1527,-0.51,-15.79,20.64091606,31.03373545,250.2577085
JORN,Aristida purpurea,Transect 4,Aristidoideae,Aristideae,none,C4,2,0.91,0.09,0.09,0.0102,0.0038,239.4736842,0.37254902,42.6037,2.4286,0.32,-15.8,17.54249362,22.37727801,249.1167407
JORN,Aristida purpurea,Transect 5,Aristidoideae,Aristideae,none,C4,3,1.94,0.14,0.17,0.0315,0.0114,170.1754386,0.361904762,42.5185,1.8367,0.78,-14.55,23.14939838,40.08610872,305.1949634
JORN,Bouteloua aristidoides,Transect 3,Chloridoideae,Cynodonteae,Chloridoideae,C4,1,0.43,0.09,0.1,0.0061,0.0019,226.3157895,0.31147541,42.4655,2.1576,1.47,-17.3,19.6818224,null,null
JORN,Bouteloua aristidoides,Transect 4,Chloridoideae,Cynodonteae,Chloridoideae,C4,2,0.5,0.1,0.11,0.0067,0.002,250,0.298507463,42.6101,2.0985,1.88,-15.96,20.3050274,null,null
JORN,Bouteloua aristidoides,Transect 7,Chloridoideae,Cynodonteae,Chloridoideae,C4,3,0.38,0.09,0.1,0.0061,0.0018,211.1111111,0.295081967,42.2811,2.0862,1.98,-16.12,20.26704055,84.32194,419.6856625
JORN,Bouteloua barbata,Transect 3,Chloridoideae,Cynodonteae,Chloridoideae,C4,1,0.72,0.11,0.12,0.0117,0.0027,266.6666667,0.230769231,43.95,2.5467,3.45,-16.03,17.25762752,null,null
JORN,Bouteloua barbata,Transect 4,Chloridoideae,Cynodonteae,Chloridoideae,C4,2,0.61,0.11,0.09,0.0072,0.002,305,0.277777778,40.259,1.9698,2.45,-16.28,20.43811554,99.07439123,403.8148178
JORN,Bouteloua barbata,Transect 7,Chloridoideae,Cynodonteae,Chloridoideae,C4,3,0.73,0.1,0.12,0.0106,0.0027,270.3703704,0.254716981,41.6808,2.2474,4.29,-15.89,18.5462312,86.60258692,282.3047928
JORN,Bouteloua eriopoda,Transect 2,Chloridoideae,Cynodonteae,Chloridoideae,C4,1,0.57,0.12,0.14,0.0092,0.0031,183.8709677,0.336956522,42.5653,2.2324,0.08,-16.32,19.06705787,31.32129038,194.8367671
JORN,Bouteloua eriopoda,No Transect (near NEON tower),Chloridoideae,Cynodonteae,Chloridoideae,C4,2,1,0.11,0.13,0.0416,0.0052,192.3076923,0.125,44.5253,2.546,0.13,-16.56,17.48833464,null,null
JORN,Bouteloua eriopoda,No Transect (near NEON tower),Chloridoideae,Cynodonteae,Chloridoideae,C4,3,0.81,0.1,0.11,0.0091,0.0032,253.125,0.351648352,42.6908,2.3515,-0.13,-16.56,18.15470976,null,null
JORN,Bouteloua eriopoda,Transect 5,Chloridoideae,Cynodonteae,Chloridoideae,C4,4,0.56,0.09,0.1,0.0068,0.0024,233.3333333,0.352941176,46.0206,2.4932,1.15,-16.41,18.45844698,65.47213662,220.7219938
JORN,Brachiaria arizonica,Transect 4,Panicoideae,Paniceae,none,C4,1,2.27,0.17,0.12,0.0255,0.0063,360.3174603,0.247058824,41.6673,3.2519,3.08,-13.93,12.81321689,57.18171503,350.1954636
JORN,Brachiaria arizonica,Transect 5,Panicoideae,Paniceae,none,C4,3,3.08,0.13,0.08,0.0275,0.0049,628.5714286,0.178181818,41.2128,3.8741,5.38,-15.14,10.63803206,92.97017325,328.1018005
JORN,Dasyochloa pulchella,Transect 1,Chloridoideae,Cynodonteae,Chloridoideae,C4,1,0.13,0.08,0.09,0.0015,0.0005,260,0.333333333,41.4203,1.7642,0.5,-16.19,23.47823376,54.27528895,259.1523077
JORN,Dasyochloa pulchella,Transect 3,Chloridoideae,Cynodonteae,Chloridoideae,C4,2,0.26,0.08,0.28,0.0027,0.001,260,0.37037037,40.3014,1.9931,2.57,-16.37,20.22046059,27.93840146,216.672222
JORN,Digitaria californica,Transect 4,Panicoideae,Paniceae,none,C4,1,9.52,0.17,0.15,0.1534,0.0425,224,0.277053455,42.5765,1.7197,1.39,-14.97,24.75809734,42.20900164,209.6095545
JORN,Enneapogon desvauxii,Transect 4,Chloridoideae,Eragrostideae,Chloridoideae,C4,1,1.21,0.07,0.08,0.0106,0.0039,310.2564103,0.367924528,42.6423,2.5072,0.69,-15.91,17.00793714,null,null
JORN,Enneapogon desvauxii,Transect 7,Chloridoideae,Eragrostideae,Chloridoideae,C4,2,1.86,0.09,0.09,0.0195,0.0044,422.7272727,0.225641026,42.2558,2.3604,4.88,-15.46,17.90196577,83.4140524,294.3599042
JORN,Eragrostis lehmanniana,Transect 1,Chloridoideae,Eragrostideae,Chloridoideae,C4,1,3.9,0.12,0.14,0.058,0.0185,210.8108108,0.318965517,45.0924,1.8333,0.48,-15.69,24.59630175,54.67011486,184.0325855
JORN,Eragrostis lehmanniana,Transect 7,Chloridoideae,Eragrostideae,Chloridoideae,C4,2,3.95,0.14,0.13,0.0606,0.0148,266.8918919,0.244224422,39.9826,2.8763,2.06,-15.11,13.90070577,81.5740658,373.5639718
JORN,Hilaria mutica,No Transect (near NEON tower),Chloridoideae,Cynodonteae,Chloridoideae,C4,1,2.19,0.12,0.14,0.0299,0.0092,238.0434783,0.307692308,42.7849,2.8898,2.52,-16.02,14.80548827,null,139.1712002
JORN,Hopia obtusa,No Transect (near NEON tower),Panicoideae,Paspaleae,none,C4,1,10.65,0.19,0.21,0.2229,0.0492,216.4634146,0.220726783,43.0969,3.4114,2.79,-13.76,12.63320045,135.7662728,394.4569909
JORN,Muhlenbergia porteri,Transect 1,Chloridoideae,Cynodonteae,Chloridoideae,C4,1,1.77,0.09,0.09,0.0197,0.0037,478.3783784,0.187817259,40.3194,3.3503,0.88,-16.16,12.03456407,46.39512114,181.6543364
JORN,Muhlenbergia porteri,Transect 3,Chloridoideae,Cynodonteae,Chloridoideae,C4,2,1.14,0.11,0.11,0.0145,0.0035,325.7142857,0.24137931,42.7245,3.0643,1.83,-16.19,13.94266227,null,null
JORN,Muhlenbergia porteri,Transect 4,Chloridoideae,Cynodonteae,Chloridoideae,C4,3,1,0.08,0.09,0.0105,0.0025,400,0.238095238,42.9766,3.3067,1.55,-15.76,12.99682463,null,null
JORN,Muhlenbergia porteri,No Transect (near NEON tower),Chloridoideae,Cynodonteae,Chloridoideae,C4,4,1.07,0.09,0.1,0.0116,0.0037,289.1891892,0.318965517,42.1076,2.5986,3.58,-15.83,16.20395598,null,null
JORN,Muhlenbergia porteri,Transect 5,Chloridoideae,Cynodonteae,Chloridoideae,C4,5,1.96,0.1,0.09,0.0192,0.0047,417.0212766,0.244791667,42.4462,3.4556,6.85,-15.23,12.28330825,38.33301227,179.9010948
JORN,Panicum hiricaule,Transect 4,Panicoideae,Paniceae,none,C4,1,4.11,0.15,0.12,0.0566,0.0105,391.4285714,0.185512367,42.5423,3.1247,5.2,-14.87,13.61484302,56.10295181,333.4720622
JORN,Setaria leucopila,Transect 1,Panicoideae,Paniceae,none,C4,1,8.07,0.2,0.15,0.2545,0.047,171.7021277,0.184675835,42.8183,3.512,3.58,-13.77,12.19199886,43.39486587,77.04380134
JORN,Setaria leucopila,Transect 3,Panicoideae,Paniceae,none,C4,2,10.43,0.22,0.18,0.226,0.0442,235.9728507,0.195575221,39.9966,3.2006,5.07,-14.55,12.49659439,55.61523044,216.141239
JORN,Setaria leucopila,Transect 4,Panicoideae,Paniceae,none,C4,3,11.47,0.19,0.17,0.2101,0.057,201.2280702,0.271299381,40.0331,1.4947,1.3,-13.99,26.7833679,41.38147567,180.6088082
JORN,Setaria leucopila,Transect 5,Panicoideae,Paniceae,none,C4,4,10.46,0.15,0.19,0.1857,0.0324,322.8395062,0.17447496,40.4917,3.4362,4.74,-13.41,11.78386008,78.37981868,307.1158619
JORN,Setaria leucopila,Transect 7,Panicoideae,Paniceae,none,C4,5,4,0.17,0.19,0.0791,0.0188,212.7659574,0.237673831,40.6102,2.4359,3.12,-14.52,16.67153824,107.3230217,340.2588045
JORN,Sporobolus cryptandrus,Transect 4,Chloridoideae,Zoysieae,Chloridoideae,C4,1,2.77,0.14,0.15,0.0436,0.0144,192.3611111,0.330275229,42.7356,2.1547,5.22,-16.49,19.83366594,null,null
JORN,Sporobolus flexuosus,Transect 1,Chloridoideae,Zoysieae,Chloridoideae,C4,1,5.61,0.11,0.1,0.0717,0.0193,290.6735751,0.269177127,43.3166,2.5667,2.58,-14.97,16.87637823,46.90778104,284.5724095
JORN,Sporobolus flexuosus,Transect 3,Chloridoideae,Zoysieae,Chloridoideae,C4,2,7.2,0.13,0.12,0.1289,0.0332,216.8674699,0.257564003,42.7133,1.9198,2.95,-15.43,22.248828,136.9751388,386.6030574
JORN,Sporobolus flexuosus,Transect 4,Chloridoideae,Zoysieae,Chloridoideae,C4,3,6.17,0.13,0.13,0.0964,0.0264,233.7121212,0.273858921,41.1579,1.9726,3.21,-15.39,20.86479773,125.1091296,328.3005466
JORN,Sporobolus flexuosus,Transect 5,Chloridoideae,Zoysieae,Chloridoideae,C4,4,3.62,0.12,0.11,0.0505,0.0134,270.1492537,0.265346535,42.1544,2.8867,4.93,-15.29,14.60297225,57.698158,317.9635052
JORN,Sporobolus flexuosus,Transect 7,Chloridoideae,Zoysieae,Chloridoideae,C4,5,6.45,0.12,0.11,0.0956,0.0279,231.1827957,0.291841004,44.0362,2.4692,3.24,-15.19,17.83419731,77.17875522,446.935408
KONZ,Andropogon gerardii,Transect 1,Panicoideae,Andropogoneae,Andropogoneae,C4,1,23.78,0.18,0.2,0.494,0.1784,133.2959641,0.361133603,44.5137,1.1923,-1.53,-12.54,37.33431183,null,null
KONZ,Andropogon gerardii,Transect 3,Panicoideae,Andropogoneae,Andropogoneae,C4,2,29.31,0.19,0.19,0.7086,0.2288,128.1031469,0.322890206,42.4915,1.5664,-2.59,-12.8,27.12685138,null,null
KONZ,Andropogon gerardii,Transect 5,Panicoideae,Andropogoneae,Andropogoneae,C4,3,10.12,0.14,0.15,0.1936,0.068,148.8235294,0.351239669,43.0401,1.1597,-1.88,-12.55,37.11313271,null,null
KONZ,Andropogon gerardii,Transect 4,Panicoideae,Andropogoneae,Andropogoneae,C4,4,15.31,0.17,0.18,0.3068,0.1157,132.3249784,0.377118644,43.571,1.1641,-3.3,-12.42,37.42891504,25.46586954,310.524905
KONZ,Andropogon gerardii,Transect 8,Panicoideae,Andropogoneae,Andropogoneae,C4,5,13.38,0.13,0.13,0.2518,0.088,152.0454545,0.349483717,41.8398,1.4343,-1.83,-12.45,29.17088475,31.23405693,176.6552951
KONZ,Andropogon gerardii,Transect 7,Panicoideae,Andropogoneae,Andropogoneae,C4,6,11.32,0.13,0.13,0.2156,0.066,171.5151515,0.306122449,43.0422,1.5551,0.2,-12.34,27.67809144,44.03906015,265.0203716
KONZ,Andropogon gerardii,Transect 10,Panicoideae,Andropogoneae,Andropogoneae,C4,7,14.69,0.15,0.17,0.3092,0.0826,177.8450363,0.267141009,42.3742,1.4531,-3.67,-11.6,29.16124148,null,null
KONZ,Andropogon gerardii,Transect 6,Panicoideae,Andropogoneae,Andropogoneae,C4,8,13.7,0.16,0.17,0.2914,0.0897,152.7313266,0.307824296,43.4282,1.3115,-2.44,-12.12,33.11338162,22.66737934,229.2111288
KONZ,Andropogon gerardii,Transect 9,Panicoideae,Andropogoneae,Andropogoneae,C4,8,14.36,0.14,0.14,0.2717,0.0823,174.4835966,0.302907619,44.1121,0.9996,-1.89,-11.65,44.1297519,29.20102989,233.8852132
KONZ,Bouteloua curtipendula,Transect 8,Chloridoideae,Cynodonteae,Chloridoideae,C4,1,8.98,0.13,0.13,0.1484,0.0587,152.9812606,0.395552561,40.1039,1.9792,-0.48,-14.18,20.26268189,69.3264534,251.9377115
KONZ,Bouteloua curtipendula,Transect 7,Chloridoideae,Cynodonteae,Chloridoideae,C4,2,3.94,0.13,0.13,0.0578,0.0268,147.0149254,0.46366782,40.6989,1.5953,-1.14,-14.54,25.51175328,null,null
KONZ,Bouteloua curtipendula,Transect 9,Chloridoideae,Cynodonteae,Chloridoideae,C4,3,8.35,0.15,0.16,0.1264,0.0523,159.6558317,0.413765823,40.6446,1.8636,-1.3,-14.5,21.80972312,42.85805353,294.1440255
KONZ,Bouteloua dactyloides,Transect 1,Chloridoideae,Cynodonteae,Chloridoideae,C4,1,1.71,0.16,0.15,0.0278,0.0132,129.5454545,0.474820144,41.5494,1.4198,2.8,-14.78,29.26426257,null,null
KONZ,Bouteloua dactyloides,Transect 8,Chloridoideae,Cynodonteae,Chloridoideae,C4,2,0.79,0.1,0.1,0.0093,0.0042,188.0952381,0.451612903,39.6415,1.129,-1.87,-15.45,35.11204606,53.49334318,241.9175263
KONZ,Bouteloua dactyloides,Transect 7,Chloridoideae,Cynodonteae,Chloridoideae,C4,3,1.16,0.1,0.2,0.0157,0.008,145,0.50955414,41.8482,1.3737,-0.23,-15.25,30.46385674,16.22693362,200.8702376
KONZ,Bouteloua dactyloides,Transect 10,Chloridoideae,Cynodonteae,Chloridoideae,C4,4,0.89,0.11,0.11,0.0148,0.0074,120.2702703,0.5,41.5032,1.2585,-4.29,-14.59,32.97830751,null,null
KONZ,Bouteloua dactyloides,Transect 5,Chloridoideae,Cynodonteae,Chloridoideae,C4,5,0.76,0.08,0.07,0.0089,0.0035,217.1428571,0.393258427,40.9684,1.6299,2.94,-14.87,25.13552979,null,null
KONZ,Bouteloua dactyloides,Transect 4,Chloridoideae,Cynodonteae,Chloridoideae,C4,6,1.18,0.12,0.13,0.0173,0.0084,140.4761905,0.485549133,43.8533,1.1041,-3.67,-14.73,39.71859433,null,null
KONZ,Bouteloua dactyloides,Transect 9,Chloridoideae,Cynodonteae,Chloridoideae,C4,7,0.52,0.08,0.08,0.0066,0.003,173.3333333,0.454545455,41.5327,1.3199,-2.13,-14.81,31.4665505,35.84875214,364.9679844
KONZ,Bouteloua gracilis,Transect 9,Chloridoideae,Cynodonteae,Chloridoideae,C4,1,1.87,0.15,0.15,0.0338,0.0136,137.5,0.402366864,41.7268,2.0017,-0.22,-13.84,20.84568117,45.32365982,262.2120822
KONZ,Chloris verticillata,Transect 7,Chloridoideae,Cynodonteae,Chloridoideae,C4,1,3.41,0.09,0.09,0.0429,0.0145,235.1724138,0.337995338,40.4137,1.4585,-0.32,-14.59,27.70908468,16.46219525,222.5593239
KONZ,Chloris verticillata,Transect 9,Chloridoideae,Cynodonteae,Chloridoideae,C4,2,4.36,0.1,0.1,0.0468,0.0151,288.7417219,0.322649573,41.5767,1.4675,-0.78,-14.21,28.33165247,null,null
KONZ,Dichanthelium oligosanthes,Transect 1,Panicoideae,Paniceae,none,C3,1,4.59,0.2,0.21,0.0852,0.026,176.5384615,0.305164319,41.9003,1.1442,-2.53,-27.55,36.61973431,20.55230341,174.5709612
KONZ,Dichanthelium oligosanthes,Transect 3,Panicoideae,Paniceae,none,C3,2,6.52,0.17,0.2,0.1187,0.0403,161.7866005,0.339511373,40.3692,1.3741,-2.93,-28.28,29.37864784,null,null
KONZ,Dichanthelium oligosanthes,Transect 5,Panicoideae,Paniceae,none,C3,3,5.67,0.22,0.25,0.1077,0.0309,183.4951456,0.286908078,40.7966,1.2709,-3.03,-28.55,32.10055866,38.80464086,183.3205153
KONZ,Dichanthelium oligosanthes,Transect 4,Panicoideae,Paniceae,none,C3,4,3.36,0.21,0.22,0.0619,0.02,168,0.323101777,41.8856,1.1898,-3.35,-26.56,35.20389982,36.23642374,102.1399734
KONZ,Dichanthelium oligosanthes,Transect 8,Panicoideae,Paniceae,none,C3,5,3.28,0.19,0.19,0.0607,0.016,205,0.263591433,42.3253,1.7813,-1.17,-27.97,23.76090496,41.74566183,70.00314274
KONZ,Dichanthelium oligosanthes,Transect 7,Panicoideae,Paniceae,none,C3,6,5.5,0.19,0.19,0.0996,0.0293,187.7133106,0.294176707,41.7838,1.925,-1.11,-29.01,21.70587013,25.79897608,127.0130142
KONZ,Dichanthelium oligosanthes,Transect 10,Panicoideae,Paniceae,none,C3,7,3.85,0.15,0.19,0.0711,0.0228,168.8596491,0.320675105,41.6512,1.5016,-3.94,-28.97,27.7378796,null,null
KONZ,Dichanthelium oligosanthes,Transect 9,Panicoideae,Paniceae,none,C3,8,4.11,0.16,0.19,0.0756,0.021,195.7142857,0.277777778,41.1058,1.8729,-1.74,-29.02,21.94767473,91.71534955,269.6311383
KONZ,Dichanthelium praecocius,Transect 3,Panicoideae,Paniceae,none,C3,1,3.28,0.19,0.2,0.05,0.0149,220.1342282,0.298,42.397,1.1543,-2.88,-28.85,36.72961968,null,null
KONZ,Elymus canadensis,Transect 1,Pooideae,Triticeae,Pooideae,C3,1,8.23,0.18,0.18,0.1219,0.0446,184.529148,0.365873667,42.3285,1.9748,-0.25,-28.9,21.43432246,15.72127451,149.5918387
KONZ,Elymus canadensis,Transect 5,Pooideae,Triticeae,Pooideae,C3,2,6.45,0.15,0.18,0.0905,0.0346,186.416185,0.382320442,43.719,1.9435,1.14,-29.15,22.49498328,45.78701063,131.7410552
KONZ,Elymus canadensis,Transect 8,Pooideae,Triticeae,Pooideae,C3,3,6.06,0.18,0.18,0.1132,0.0358,169.273743,0.316254417,41.8858,1.9011,-1.28,-30.85,22.03240229,48.59652121,122.2626151
KONZ,Elymus canadensis,Transect 7,Pooideae,Triticeae,Pooideae,C3,4,6.32,0.15,0.15,0.1149,0.0468,135.042735,0.407310705,40.6013,1.6842,-0.78,-30.56,24.10717254,42.5134121,208.0086942
KONZ,Elymus smithii,No transect,Pooideae,Triticeae,Pooideae,C3,1,5.74,0.29,0.31,0.173,0.0726,79.06336088,0.419653179,42.2967,0.9544,1.39,-28.09,44.31758173,null,null
KONZ,Elymus smithii,Transect 5,Pooideae,Triticeae,Pooideae,C3,2,6.93,0.27,0.27,0.1827,0.0662,104.6827795,0.362342638,39.9806,1.3709,4.07,-31.11,29.16376103,161.7464635,133.5907147
KONZ,Hesperostipa spartea,Transect 1,Pooideae,Stipeae,Pooideae,C3,1,6.25,0.26,0.28,0.1724,0.0812,76.97044335,0.47099768,43.2619,0.9822,-1.83,-29.4,44.04591733,43.7560256,316.7704607
KONZ,Koeleria macrantha,Transect 1,Pooideae,Poeae,Pooideae,C3,1,3.44,0.21,0.25,0.071,0.0293,117.4061433,0.412676056,39.9561,1.117,-1.61,-29.05,35.77090421,null,null
KONZ,Koeleria macrantha,Transect 7,Pooideae,Poeae,Pooideae,C3,2,1.36,0.11,0.11,0.0175,0.007,194.2857143,0.4,37.5632,1.3319,-0.78,-30.56,28.20271792,47.31200222,312.7393247
KONZ,Panicum virgatum,Transect 1,Panicoideae,Paniceae,none,C4,1,27.55,0.21,0.21,0.5589,0.2415,114.0786749,0.432098765,42.0629,1.2533,-1.47,-13.63,33.56171707,null,null
KONZ,Panicum virgatum,Transect 3,Panicoideae,Paniceae,none,C4,2,22.91,0.19,0.2,0.4396,0.1714,133.663944,0.389899909,43.1001,1.057,-2.02,-13.41,40.77587512,null,null
KONZ,Panicum virgatum,Transect 8,Panicoideae,Paniceae,none,C4,3,14.69,0.18,0.18,0.3105,0.1219,120.5086136,0.392592593,42.9392,0.9704,-2.27,-13.15,44.2489695,32.65593162,171.7064983
KONZ,Panicum virgatum,Transect 7,Panicoideae,Paniceae,none,C4,4,20.53,0.19,0.19,0.4117,0.1629,126.0282382,0.395676463,41.8955,1.3647,-0.1,-13.59,30.69942112,60.08545634,541.7324223
KONZ,Panicum virgatum,Transect 10,Panicoideae,Paniceae,none,C4,5,12.85,0.15,0.18,0.2541,0.0775,165.8064516,0.304998032,42.7645,1.6112,-1.75,-13.41,26.54201837,null,null
KONZ,Panicum virgatum,Transect 5,Panicoideae,Paniceae,none,C4,6,30.56,0.2,0.22,0.6635,0.243,125.7613169,0.366239638,42.8688,0.9833,-3.98,-13.23,43.59686769,null,null
KONZ,Panicum virgatum,Transect 4,Panicoideae,Paniceae,none,C4,7,14.5,0.16,0.17,0.2579,0.1016,142.7165354,0.393951144,42.9224,1.1068,-2.84,-13.43,38.78062884,16.63934724,165.0129028
KONZ,Panicum virgatum,Transect 6,Panicoideae,Paniceae,none,C4,8,14.01,0.16,0.18,0.2615,0.1048,133.6832061,0.400764818,43.7398,0.7268,-1.62,-13.22,60.18134287,32.70893804,309.2710753
KONZ,Panicum virgatum,Transect 9,Panicoideae,Paniceae,none,C4,9,12.17,0.18,0.17,0.2205,0.0748,162.7005348,0.339229025,42.637,1.1475,-1.4,-13.33,37.15642702,52.63172745,233.2331014
KONZ,Paspalum setaceum,Transect 7,Panicoideae,Paspaleae,none,C4,1,8.85,0.11,0.11,0.1273,0.0277,319.4945848,0.217596229,42.3599,1.4781,-1.24,-12.84,28.65834517,32.80384335,267.6611624
KONZ,Paspalum setaceum,Transect 9,Panicoideae,Paspaleae,none,C4,2,8.23,0.16,0.16,0.1327,0.0329,250.1519757,0.247927656,41.2218,1.0095,-0.59,-13.15,40.83387816,33.53897761,237.236229
KONZ,Poa pratensis,Transect 1,Pooideae,Poeae,Pooideae,C3,1,2.41,0.17,0.15,0.0339,0.0147,163.9455782,0.433628319,42.1424,1.3519,-1.33,-28.84,31.17271988,null,null
KONZ,Poa pratensis,Transect 5,Pooideae,Poeae,Pooideae,C3,2,3.14,0.11,0.12,0.041,0.013,241.5384615,0.317073171,40.9306,1.6531,-0.47,-28.96,24.75990563,30.16347843,83.37124365
KONZ,Schedonnardus paniculatus,Transect 8,Chloridoideae,Cynodonteae,Chloridoideae,C4,1,1.51,0.1,0.1,0.0198,0.0082,184.1463415,0.414141414,41.8422,1.4006,-1.08,-14.2,29.87448236,43.64931074,216.6594028
KONZ,Schedonnardus paniculatus,Transect 7,Chloridoideae,Cynodonteae,Chloridoideae,C4,2,1.56,0.08,0.08,0.018,0.0078,200,0.433333333,41.3504,1.1357,-0.73,-14.64,36.40961522,45.93773046,454.7791286
KONZ,Schedonnardus paniculatus,Transect 9,Chloridoideae,Cynodonteae,Chloridoideae,C4,3,0.49,0.08,0.09,0.0059,0.0026,188.4615385,0.440677966,41.7616,1.208,-2.03,-14.72,34.57086093,52.22559979,242.4651211
KONZ,Schizachyrium scoparium,Transect 1,Panicoideae,Andropogoneae,Andropogoneae,C4,1,8.24,0.16,0.16,0.1389,0.0609,135.3037767,0.438444924,42.6774,0.7682,-1.38,-12.96,55.55506379,null,null
KONZ,Schizachyrium scoparium,Transect 3,Panicoideae,Andropogoneae,Andropogoneae,C4,2,1.92,0.09,0.1,0.0211,0.0089,215.7303371,0.421800948,45.6234,1.0508,-1.83,-13.65,43.41777693,null,null
KONZ,Schizachyrium scoparium,Transect 4,Panicoideae,Andropogoneae,Andropogoneae,C4,3,3.48,0.15,0.16,0.0511,0.0182,191.2087912,0.356164384,44.6182,1.2169,-2.93,-13.12,36.66546142,90.90503785,145.0965491
KONZ,Schizachyrium scoparium,Transect 8,Panicoideae,Andropogoneae,Andropogoneae,C4,4,3.91,0.11,0.11,0.0677,0.0269,145.3531599,0.397341211,44.212,1.2148,-2.34,-12.91,36.39446823,31.56224993,219.324173
KONZ,Schizachyrium scoparium,Transect 7,Panicoideae,Andropogoneae,Andropogoneae,C4,5,2.66,0.11,0.11,0.0344,0.013,204.6153846,0.377906977,42.9762,1.3811,-0.46,-13.13,31.11737021,18.70524872,448.709711
KONZ,Schizachyrium scoparium,Transect 5,Panicoideae,Andropogoneae,Andropogoneae,C4,6,5.02,0.1,0.12,0.0731,0.029,173.1034483,0.396716826,41.3797,0.818,-3.64,-12.55,50.58643032,null,null
KONZ,Schizachyrium scoparium,Transect 6,Panicoideae,Andropogoneae,Andropogoneae,C4,7,8.8,0.11,0.11,0.1337,0.0535,164.4859813,0.400149589,50.0967,0.8889,-2.01,-12.86,56.35808302,33.19632746,188.7233079
KONZ,Schizachyrium scoparium,Transect 9,Panicoideae,Andropogoneae,Andropogoneae,C4,8,6.31,0.12,0.13,0.0952,0.0328,192.3780488,0.344537815,43.6511,1.1822,-1.77,-12.51,36.92361699,28.36873794,202.2972972
KONZ,Sorghastrum nutans,Transect 1,Panicoideae,Andropogoneae,Andropogoneae,C4,1,46.63,0.21,0.22,0.9592,0.3308,140.9613059,0.344870726,41.2649,1.3127,-0.71,-12.43,31.43513369,null,null
KONZ,Sorghastrum nutans,Transect 3,Panicoideae,Andropogoneae,Andropogoneae,C4,2,17.09,0.2,0.18,0.3546,0.1208,141.4735099,0.340665539,41.9431,1.2165,-1.74,-12.97,34.4785039,null,null
KONZ,Sorghastrum nutans,Transect 5,Panicoideae,Andropogoneae,Andropogoneae,C4,3,12.79,0.16,0.21,0.2425,0.0809,158.0964153,0.333608247,42.6375,1.0901,-2.12,-12.9,39.11338409,null,null
KONZ,Sorghastrum nutans,Transect 8,Panicoideae,Andropogoneae,Andropogoneae,C4,4,23.31,0.19,0.19,0.5631,0.2042,114.1527914,0.362635411,40.0434,1.0815,-1.24,-13.09,37.0257975,55.82815839,267.656856
KONZ,Sorghastrum nutans,Transect 7,Panicoideae,Andropogoneae,Andropogoneae,C4,5,22.53,0.2,0.2,0.4766,0.1709,131.8314804,0.35858162,38.9228,1.1525,-0.58,-13.28,33.77249458,20.54491033,381.9489169
KONZ,Sorghastrum nutans,Transect 10,Panicoideae,Andropogoneae,Andropogoneae,C4,6,15.76,0.15,0.15,0.3337,0.0854,184.5433255,0.25591849,38.7136,1.751,-3.16,-12.66,22.10942319,null,null
KONZ,Sorghastrum nutans,Transect 4,Panicoideae,Andropogoneae,Andropogoneae,C4,7,16.38,0.16,0.21,0.3225,0.1084,151.1070111,0.336124031,42.3989,1.0743,-2.16,-13.21,39.46653635,null,null
KONZ,Sorghastrum nutans,Transect 6,Panicoideae,Andropogoneae,Andropogoneae,C4,8,18.36,0.2,0.19,0.3704,0.1386,132.4675325,0.374190065,38.1618,1.1577,-1.49,-13.67,32.96346204,17.91312109,313.1278779
KONZ,Sorghastrum nutans,Transect 9,Panicoideae,Andropogoneae,Andropogoneae,C4,8,24.13,0.17,0.17,0.4964,0.162,148.9506173,0.326349718,43.916,0.9339,-0.42,-12.63,47.02430667,39.67767707,278.2178766
KONZ,Sporobolus compositus,Transect 3,Chloridoideae,Zoysieae,Chloridoideae,C4,1,5.15,0.16,0.15,0.0788,0.0361,142.6592798,0.458121827,40.2107,0.6625,-2,-14.33,60.69539623,null,null
KONZ,Sporobolus compositus,Transect 10,Chloridoideae,Zoysieae,Chloridoideae,C4,2,2.37,0.11,0.12,0.0433,0.0139,170.5035971,0.321016166,41.9498,1.3501,-2.35,-13.32,31.07162432,38.08406345,181.237099
KONZ,Sporobolus heterolepis,Transect 1,Chloridoideae,Zoysieae,Chloridoideae,C4,1,7.68,0.14,0.14,0.1079,0.0551,139.3829401,0.510658017,42.6745,1.0903,-1.25,-14.49,39.14014491,null,null
KONZ,Sporobolus heterolepis,Transect 3,Chloridoideae,Zoysieae,Chloridoideae,C4,2,7.71,0.15,0.16,0.1198,0.0633,121.8009479,0.528380634,42.2822,0.8991,-2.94,-14.58,47.02724947,null,null
KONZ,Sporobolus vaginiflorus,Transect 10,Chloridoideae,Zoysieae,Chloridoideae,C4,1,0.85,0.08,0.07,0.0122,0.0036,236.1111111,0.295081967,42.1892,1.3174,-1.92,-13.38,32.0245939,null,null
KONZ,Sporobolus vaginiflorus,Transect 9,Chloridoideae,Zoysieae,Chloridoideae,C4,2,2.21,0.15,0.15,0.0356,0.016,138.125,0.449438202,38.868,1.0815,-2.79,-14.05,35.93897365,56.35614498,242.3468326
WOOD,Andropogon gerardii,Transect 1,Panicoideae,Andropogoneae,Andropogoneae,C4,1,4.74,0.12,0.11,0.0554,0.0173,273.9884393,0.312274368,38.9147,2.0072,-0.55,-12.73,19.3875548,30.594,266.768
WOOD,Andropogon gerardii,Transect 5,Panicoideae,Andropogoneae,Andropogoneae,C4,2,6.36,0.13,0.12,0.085,0.0272,233.8235294,0.32,40.7598,1.9172,-5.77,-13.01,21.26006676,32.733,292.82
WOOD,Andropogon gerardii,Transect 2,Panicoideae,Andropogoneae,Andropogoneae,C4,3,6.26,0.15,0.15,0.0918,0.0237,264.1350211,0.258169935,39.4671,2.1627,2.02,-12.28,18.24899431,47.986,234.654
WOOD,Bouteloua curtipendula,Transect 1,Chloridoideae,Cynodonteae,Chloridoideae,C4,1,4.67,0.17,0.19,0.07,0.0266,175.5639098,0.38,39.3051,1.8912,-1.73,-14.32,20.78315355,68.894,240.637
WOOD,Bouteloua curtipendula,Transect 2,Chloridoideae,Cynodonteae,Chloridoideae,C4,2,1.45,0.11,0.12,0.0185,0.0066,219.6969697,0.356756757,38.3425,2.3499,-0.53,-14.7,16.31665177,53.34,200.489
WOOD,Bouteloua curtipendula,Transect 8,Chloridoideae,Cynodonteae,Chloridoideae,C4,3,2.23,0.13,0.15,0.0324,0.0125,178.4,0.385802469,38.2648,1.7601,-1.6,-15.23,21.7401284,79.19641122,323.4718629
WOOD,Bouteloua curtipendula,Transect 4,Chloridoideae,Cynodonteae,Chloridoideae,C4,4,2.19,0.13,0.14,0.0275,0.0112,195.5357143,0.407272727,38.0566,1.6569,-1.84,-15.22,22.96855574,48.096,169.493
WOOD,Bouteloua gracilis,Transect 2,Chloridoideae,Cynodonteae,Chloridoideae,C4,1,0.68,0.14,0.15,0.011,0.0047,144.6808511,0.427272727,38.5172,2.1396,-0.85,-15.48,18.00205646,42.266,242.154
WOOD,Bouteloua gracilis,Transect 8,Chloridoideae,Cynodonteae,Chloridoideae,C4,2,0.72,0.15,0.15,0.0105,0.0038,189.4736842,0.361904762,38.1725,1.9299,-1.13,-15.56,19.77952226,23.077,169.154
WOOD,Bromus inermis,Transect 1,Pooideae,Bromeae,Pooideae,C3,1,6.24,0.22,0.21,0.1139,0.0414,150.7246377,0.363476734,41.1508,2.4287,5.23,-26.03,16.94355005,91.37874534,240.6353081
WOOD,Bromus inermis,Transect 5,Pooideae,Bromeae,Pooideae,C3,2,4.6,0.25,0.25,0.0991,0.0384,119.7916667,0.387487386,40.2281,1.6672,-0.66,-27.24,24.12913868,67.9347767,102.4453873
WOOD,Bromus inermis,Transect 2,Pooideae,Bromeae,Pooideae,C3,3,7.76,0.17,0.19,0.1187,0.0357,217.3669468,0.300758214,40.2294,3.1705,4.21,-28.65,12.68866109,61.48799208,166.6727826
WOOD,Bromus inermis,Transect 4,Pooideae,Bromeae,Pooideae,C3,4,10.79,0.23,0.24,0.199,0.0673,160.3268945,0.338190955,38.9195,2.1427,-0.86,-26.36,18.16376534,61.55500826,190.2412621
WOOD,Bromus inermis,Transect 7,Pooideae,Bromeae,Pooideae,C3,5,3.3,0.13,0.15,0.0384,0.0133,248.1203008,0.346354167,39.4066,2.8803,1.75,-28.75,13.68142207,null,null
WOOD,Bromus inermis,Transect 8,Pooideae,Bromeae,Pooideae,C3,6,8.91,0.17,0.17,0.1287,0.0334,266.7664671,0.25951826,39.6935,1.4907,-0.23,-27.39,26.62742336,49.77591998,124.7840723
WOOD,Dichanthelium leibergii,Transect 5,Panicoideae,Paniceae,none,C3,1,3.91,0.19,0.21,0.0691,0.0195,200.5128205,0.282199711,38.216,2.3225,-5.72,-26.45,16.45468245,48.31914147,92.71666188
WOOD,Dichanthelium leibergii,Transect 4,Panicoideae,Paniceae,none,C3,3,5.77,0.21,0.25,0.1109,0.0278,207.5539568,0.250676285,38.4834,2.7057,-0.84,-26.17,14.2230846,55.4664214,135.1111213
WOOD,Dichanthelium leibergii,Transect 8,Panicoideae,Paniceae,none,C3,4,4.72,0.2,0.21,0.0763,0.0205,230.2439024,0.268676278,31.6777,2.0899,-1.63,-26.05,15.1575195,73.00257674,742.9808736
WOOD,Dichanthelium wilcoxianum,Transect 2,Panicoideae,Paniceae,none,C3,2,0.99,0.18,0.22,0.0164,0.0053,186.7924528,0.323170732,40.1477,2.4647,-1.61,-27.7,16.28908184,null,null
WOOD,Elymus smithii,Transect 1,Pooideae,Triticeae,Pooideae,C3,1,2.38,0.3,0.32,0.0669,0.02,119,0.298953662,38.717,2.1166,1.26,-29.41,18.29207219,78.95493412,187.7149022
WOOD,Elymus smithii,Transect 5,Pooideae,Triticeae,Pooideae,C3,2,1.84,0.3,0.34,0.0523,0.0191,96.33507853,0.365200765,39.4104,1.8817,2.23,-29.83,20.94403996,null,null
WOOD,Hesperostipa comata,Transect 8,Pooideae,Stipeae,Pooideae,C3,1,3.58,0.24,0.26,0.096,0.0315,113.6507937,0.328125,40.1818,1.725,-0.61,-28.1,23.2937971,69.30076529,150.1386328
WOOD,Hesperostipa comata,Transect 4,Pooideae,Stipeae,Pooideae,C3,2,2.07,0.27,0.29,0.0522,0.0223,92.82511211,0.427203065,39.9805,1.4885,1.01,-27.44,26.85959019,44.72740824,277.4398618
WOOD,Nassella viridula,Transect 1,Pooideae,Stipeae,Pooideae,C3,1,7.24,0.21,0.23,0.1309,0.0466,155.3648069,0.355996944,39.0504,2.1502,-0.29,-28.86,18.16128732,66.78088523,175.0761493
WOOD,Panicum virgatum,Transect 5,Panicoideae,Paniceae,none,C4,1,8.49,0.19,0.19,0.1416,0.0509,166.7976424,0.359463277,39.8334,2.2388,-3.37,-13.07,17.79229945,30.648,260.013
WOOD,Panicum virgatum,Transect 5,Panicoideae,Paniceae,none,C4,2,8.7,0.23,0.21,0.1475,0.044,197.7272727,0.298305085,40.4931,1.7115,-3.69,-13.92,23.65942156,null,null
WOOD,Panicum virgatum,Transect 5,Panicoideae,Paniceae,none,C4,3,7.62,0.21,0.21,0.1352,0.0416,183.1730769,0.307692308,38.9153,1.382,-6.49,-13.34,28.15868307,null,null
WOOD,Panicum virgatum,Transect 5,Panicoideae,Paniceae,none,C4,4,8.45,0.21,0.22,0.1557,0.0394,214.4670051,0.253050739,40.2166,1.4912,-6.9,-13.21,26.96928648,null,null
WOOD,Panicum virgatum,Transect 5,Panicoideae,Paniceae,none,C4,5,7.01,0.21,0.2,0.1158,0.037,189.4594595,0.319516408,38.1585,1.377,-5.35,-13.55,27.71132898,null,null
WOOD,Phalaris arundinacea,Transect 7,Pooideae,Poeae,Pooideae,C3,1,21.99,0.17,0.16,0.2927,0.0753,292.0318725,0.257259993,37.9829,3.6276,-1.47,-28.91,10.47053148,60.77571189,185.5829352
WOOD,Phalaris arundinacea,Transect 8,Pooideae,Poeae,Pooideae,C3,2,23.25,0.22,0.23,0.4166,0.0895,259.7765363,0.214834373,37.8068,2.6271,1.02,-28.49,14.39107761,46.55175649,178.7332858
WOOD,Phalaris arundinacea,Transect 5,Pooideae,Poeae,Pooideae,C3,3,24.34,0.18,0.16,0.3171,0.0793,306.9356873,0.250078839,41.2028,3.8875,7.29,-26.44,10.598791,88.6393572,248.7447586
WOOD,Phalaris arundinacea,Transect 4,Pooideae,Poeae,Pooideae,C3,4,29.28,0.23,0.21,0.4421,0.0649,451.155624,0.146799367,35.5796,4.3038,5.43,-28.29,8.267019843,53.41974137,146.03318
WOOD,Poa pratensis,Transect 1,Pooideae,Poeae,Pooideae,C3,1,2.63,0.2,0.2,0.043,0.0164,160.3658537,0.381395349,43.1901,1.7057,-0.57,-26.58,25.32104121,48.8881834,107.3856626
WOOD,Poa pratensis,Transect 5,Pooideae,Poeae,Pooideae,C3,2,2.49,0.17,0.18,0.0383,0.0116,214.6551724,0.302872063,36.9194,1.5637,0.51,-26.83,23.6102833,29.22860769,144.3142103
WOOD,Poa pratensis,Transect 2,Pooideae,Poeae,Pooideae,C3,3,1.9,0.21,0.24,0.0361,0.0108,175.9259259,0.299168975,35.35,1.4683,-0.7,-27.13,24.07546142,45.46963799,115.1778008
WOOD,Poa pratensis,Transect 4,Pooideae,Poeae,Pooideae,C3,4,2.86,0.15,0.19,0.0483,0.018,158.8888889,0.372670807,38.443,1.4601,4.55,-26.45,26.32901856,57.6988317,283.4226577
WOOD,Poa pratensis,Transect 7,Pooideae,Poeae,Pooideae,C3,5,2.13,0.2,0.23,0.0437,0.0146,145.890411,0.33409611,36.7317,1.1596,-1.12,-26.42,31.67618144,51.75306217,122.4291601
WOOD,Poa pratensis,Transect 8,Pooideae,Poeae,Pooideae,C3,6,1.92,0.17,0.21,0.0382,0.0136,141.1764706,0.356020942,36.3775,1.1575,-0.5,-26,31.42764579,31.5002732,176.8435511
WOOD,Schizachyrium scoparium,Transect 1,Panicoideae,Andropogoneae,Andropogoneae,C4,1,1.98,0.14,0.13,0.0225,0.0062,319.3548387,0.275555556,37.6355,1.8311,0,-13.18,20.55349244,41.16,102.115
WOOD,Schizachyrium scoparium,Transect 5,Panicoideae,Andropogoneae,Andropogoneae,C4,2,2.7,0.14,0.14,0.035,0.0123,219.5121951,0.351428571,36.8996,1.2928,-3.01,-13.63,28.54238861,27.661,241.528
WOOD,Schizachyrium scoparium,Transect 2,Panicoideae,Andropogoneae,Andropogoneae,C4,3,2.31,0.11,0.13,0.034,0.0088,262.5,0.258823529,37.868,1.9541,-0.59,-13.21,19.37874213,56.531,141.358
WOOD,Schizachyrium scoparium,Transect 7,Panicoideae,Andropogoneae,Andropogoneae,C4,4,2.71,0.12,0.12,0.0335,0.0095,285.2631579,0.28358209,36.9825,1.8647,-0.12,-13.28,19.832949,63.964,278.901
WOOD,Schizachyrium scoparium,Transect 8,Panicoideae,Andropogoneae,Andropogoneae,C4,5,0.82,0.13,0.14,0.0107,0.0036,227.7777778,0.336448598,40.7985,2.2902,-1.49,-13.25,17.81438302,27.176,250.193
WOOD,Spartina pectinata,Transect 8,Chloridoideae,Zoysieae,Chloridoideae,C4,1,23.74,0.28,0.31,0.6146,0.2455,96.700611,0.399446795,39.4182,1.3652,-0.51,-13.22,28.87357164,145.246,372.851
WOOD,Spartina pectinata,Transect 5,Chloridoideae,Zoysieae,Chloridoideae,C4,2,15.73,0.23,0.24,0.3207,0.1213,129.6784831,0.378235111,32.3236,1.5253,-0.83,-12.71,21.19163443,36.934,162.569
